City,Country,ID,Name,Postal Code,Region,Segment,State
Henderson,United States,CG-12520,Claire Gute,42420,South,Consumer,Kentucky
Los Angeles,United States,DV-13045,Darrin Van Huff,90036,West,Corporate,California
Fort Lauderdale,United States,SO-20335,Sean O'Donnell,33311,South,Consumer,Florida
Los Angeles,United States,BH-11710,Brosina Hoffman,90032,West,Consumer,California
Concord,United States,AA-10480,Andrew Allen,28027,South,Consumer,North Carolina
Seattle,United States,IM-15070,Irene Maddox,98103,West,Consumer,Washington
Fort Worth,United States,HP-14815,Harold Pawlan,76106,Central,Home Office,Texas
Madison,United States,PK-19075,Pete Kriz,53711,Central,Consumer,Wisconsin
West Jordan,United States,AG-10270,Alejandro Grove,84084,West,Consumer,Utah
San Francisco,United States,ZD-21925,Zuschuss Donatelli,94109,West,Consumer,California
Fremont,United States,KB-16585,Ken Black,68025,Central,Corporate,Nebraska
Philadelphia,United States,SF-20065,Sandra Flanagan,19140,East,Consumer,Pennsylvania
Orem,United States,EB-13870,Emily Burns,84057,West,Consumer,Utah
Los Angeles,United States,EH-13945,Eric Hoffmann,90049,West,Consumer,California
Philadelphia,United States,TB-21520,Tracy Blumstein,19140,East,Consumer,Pennsylvania
Houston,United States,MA-17560,Matt Abelman,77095,Central,Home Office,Texas
Richardson,United States,GH-14485,Gene Hale,75080,Central,Corporate,Texas
Houston,United States,SN-20710,Steve Nguyen,77041,Central,Home Office,Texas
Naperville,United States,LC-16930,Linda Cazamias,60540,Central,Corporate,Illinois
Los Angeles,United States,RA-19885,Ruben Ausman,90049,West,Corporate,California
Melbourne,United States,ES-14080,Erin Smith,32935,South,Corporate,Florida
Eagan,United States,ON-18715,Odella Nelson,55122,Central,Corporate,Minnesota
Westland,United States,PO-18865,Patrick O'Donnell,48185,Central,Consumer,Michigan
Dover,United States,LH-16900,Lena Hernandez,19901,East,Consumer,Delaware
New Albany,United States,DP-13000,Darren Powers,47150,Central,Consumer,Indiana
New York City,United States,JM-15265,Janet Molinari,10024,East,Corporate,New York
Troy,United States,TB-21055,Ted Butterfield,12180,East,Consumer,New York
Los Angeles,United States,KM-16720,Kunst Miller,90004,West,Consumer,California
Chicago,United States,PS-18970,Paul Stevenson,60610,Central,Home Office,Illinois
Gilbert,United States,BS-11590,Brendan Sweed,85234,West,Corporate,Arizona
Springfield,United States,KD-16270,Karen Daniels,22153,South,Consumer,Virginia
New York City,United States,HM-14980,Henry MacAllister,10009,East,Consumer,New York
Memphis,United States,JE-15745,Joel Eaton,38109,South,Consumer,Tennessee
Houston,United States,KB-16600,Ken Brennan,77041,Central,Corporate,Texas
Decatur,United States,SC-20770,Stewart Carmichael,35601,South,Corporate,Alabama
San Francisco,United States,DN-13690,Duane Noonan,94122,West,Consumer,California
Durham,United States,JC-16105,Julie Creighton,27707,South,Corporate,North Carolina
Chicago,United States,CS-12400,Christopher Schild,60623,Central,Home Office,Illinois
Rochester,United States,PG-18895,Paul Gonzalez,55901,Central,Consumer,Minnesota
Houston,United States,GM-14455,Gary Mitchum,77095,Central,Home Office,Texas
Los Angeles,United States,JS-15685,Jim Sink,90036,West,Corporate,California
Minneapolis,United States,KB-16315,Karl Braun,55407,Central,Consumer,Minnesota
Portland,United States,RB-19705,Roger Barcio,97206,West,Home Office,Oregon
New York City,United States,PN-18775,Parhena Norris,10009,East,Home Office,New York
San Francisco,United States,KD-16345,Katherine Ducich,94122,West,Consumer,California
Saint Paul,United States,ER-13855,Elpida Rittenbach,55106,Central,Corporate,Minnesota
Chicago,United States,RB-19465,Rick Bensley,60610,Central,Home Office,Illinois
Rochester,United States,GZ-14470,Gary Zandusky,55901,Central,Consumer,Minnesota
Aurora,United States,LC-16870,Lena Cacioppo,80013,West,Consumer,Colorado
Charlotte,United States,JM-15250,Janet Martin,28205,South,Consumer,North Carolina
Orland Park,United States,PA-19060,Pete Armstrong,60462,Central,Home Office,Illinois
New York City,United States,CV-12805,Cynthia Voltz,10035,East,Corporate,New York
Urbandale,United States,CL-12565,Clay Ludtke,50322,Central,Consumer,Iowa
Columbus,United States,RC-19960,Ryan Crowe,43229,East,Consumer,Ohio
Seattle,United States,DK-13090,Dave Kipp,98103,West,Consumer,Washington
Bristol,United States,GG-14650,Greg Guthrie,37620,South,Corporate,Tennessee
Wilmington,United States,SC-20725,Steven Cartwright,19805,East,Consumer,Delaware
Houston,United States,AD-10180,Alan Dominguez,77041,Central,Home Office,Texas
Bloomington,United States,PF-19165,Philip Fox,61701,Central,Consumer,Illinois
Phoenix,United States,TS-21610,Troy Staebel,85023,West,Consumer,Arizona
Los Angeles,United States,LS-16975,Lindsay Shagiari,90004,West,Home Office,California
Columbus,United States,DW-13585,Dorothy Wardle,43229,East,Corporate,Ohio
Roseville,United States,LC-16885,Lena Creighton,95661,West,Consumer,California
Philadelphia,United States,JD-15895,Jonathan Doherty,19140,East,Corporate,Pennsylvania
San Francisco,United States,SH-19975,Sally Hughsby,94122,West,Corporate,California
Independence,United States,SG-20080,Sandra Glassco,64055,Central,Consumer,Missouri
Pasadena,United States,HA-14920,Helen Andreada,91104,West,Consumer,California
Newark,United States,MG-17680,Maureen Gastineau,43055,East,Home Office,Ohio
Franklin,United States,JE-16165,Justin Ellison,53132,Central,Corporate,Wisconsin
Scottsdale,United States,TW-21025,Tamara Willingham,85254,West,Home Office,Arizona
San Jose,United States,SP-20650,Stephanie Phelps,95123,West,Corporate,California
Seattle,United States,NK-18490,Neil Knudson,98105,West,Home Office,Washington
Seattle,United States,DB-13060,Dave Brooks,98115,West,Consumer,Washington
Edmond,United States,NP-18670,Nora Paige,73034,Central,Consumer,Oklahoma
Los Angeles,United States,TT-21070,Ted Trevino,90045,West,Consumer,California
Philadelphia,United States,EM-13960,Eric Murdock,19134,East,Consumer,Pennsylvania
Carlsbad,United States,RD-19900,Ruben Dartt,88220,West,Consumer,New Mexico
Seattle,United States,MJ-17740,Max Jones,98115,West,Consumer,Washington
San Antonio,United States,BM-11140,Becky Martin,78207,Central,Consumer,Texas
Los Angeles,United States,CS-12130,Chad Sievert,90004,West,Consumer,California
Chicago,United States,JB-15400,Jennifer Braxton,60623,Central,Corporate,Illinois
Houston,United States,SJ-20500,Shirley Jackson,77036,Central,Consumer,Texas
New York City,United States,JK-15640,Jim Kriz,10009,East,Home Office,New York
Decatur,United States,DK-13150,David Kendrick,62521,Central,Corporate,Illinois
Monroe,United States,RM-19675,Robert Marley,71203,South,Home Office,Louisiana
Fairfield,United States,SK-19990,Sally Knutson,6824,East,Consumer,Connecticut
Los Angeles,United States,FM-14290,Frank Merwin,90032,West,Home Office,California
Grand Prairie,United States,AM-10360,Alice McCarthy,75051,Central,Corporate,Texas
New York City,United States,MP-17470,Mark Packer,10035,East,Home Office,New York
Redlands,United States,MZ-17515,Mary Zewe,92374,West,Corporate,California
Hamilton,United States,CB-12025,Cassandra Brandow,45011,East,Consumer,Ohio
Westfield,United States,VM-21685,Valerie Mitchum,7090,East,Home Office,New Jersey
Philadelphia,United States,FH-14365,Fred Hopkins,19120,East,Corporate,Pennsylvania
Akron,United States,MB-17305,Maria Bertelson,44312,East,Consumer,Ohio
Denver,United States,BS-11755,Bruce Stewart,80219,West,Consumer,Colorado
Dallas,United States,LC-17140,Logan Currie,75220,Central,Consumer,Texas
Franklin,United States,HK-14890,Heather Kirkland,37064,South,Corporate,Tennessee
Whittier,United States,LE-16810,Laurel Elliston,90604,West,Consumer,California
Saginaw,United States,JH-15985,Joseph Holt,48601,Central,Consumer,Michigan
Dallas,United States,MS-17980,Michael Stewart,75220,Central,Corporate,Texas
Medina,United States,VW-21775,Victoria Wilson,44256,East,Corporate,Ohio
Los Angeles,United States,JH-15910,Jonathan Howell,90032,West,Consumer,California
Dublin,United States,JB-15925,Joni Blumstein,43017,East,Consumer,Ohio
Detroit,United States,DS-13180,David Smith,48227,Central,Corporate,Michigan
Columbia,United States,VD-21670,Valerie Dominguez,38401,South,Consumer,Tennessee
Charlotte,United States,EA-14035,Erin Ashbrook,28205,South,Corporate,North Carolina
Santa Clara,United States,DB-13120,David Bremer,95051,West,Corporate,California
Chicago,United States,KL-16645,Ken Lonsdale,60610,Central,Consumer,Illinois
Lakeville,United States,DW-13480,Dianna Wilson,55044,Central,Home Office,Minnesota
San Francisco,United States,LH-17155,Logan Haushalter,94109,West,Consumer,California
San Diego,United States,KC-16540,Kelly Collister,92037,West,Consumer,California
New York City,United States,DL-13315,Delfina Latchford,10024,East,Consumer,New York
Chicago,United States,DR-12880,Dan Reichenbach,60623,Central,Corporate,Illinois
New York City,United States,CC-12670,Craig Carreira,10009,East,Consumer,New York
Pasadena,United States,Dl-13600,Dorris liebe,77506,Central,Corporate,Texas
Houston,United States,SB-20290,Sean Braxton,77036,Central,Corporate,Texas
Chicago,United States,RC-19825,Roy Collins,60610,Central,Consumer,Illinois
Brentwood,United States,AH-10210,Alan Hwang,94513,West,Consumer,California
Chapel Hill,United States,CB-12535,Claudia Bergmann,27514,South,Corporate,North Carolina
Cincinnati,United States,CA-12310,Christine Abelman,45231,East,Corporate,Ohio
San Francisco,United States,KH-16690,Kristen Hastings,94110,West,Corporate,California
Inglewood,United States,BB-10990,Barry Blumstein,90301,West,Corporate,California
Philadelphia,United States,AG-10495,Andrew Gjertsen,19140,East,Corporate,Pennsylvania
Los Angeles,United States,JO-15280,Jas O'Carroll,90004,West,Consumer,California
Tamarac,United States,AH-10195,Alan Haines,33319,South,Corporate,Florida
Columbus,United States,NZ-18565,Nick Zandusky,43229,East,Home Office,Ohio
Colorado Springs,United States,KL-16555,Kelly Lampkin,80906,West,Corporate,Colorado
New York City,United States,AS-10225,Alan Schoenberger,10024,East,Corporate,New York
Lakewood,United States,CR-12625,Corey Roper,8701,East,Home Office,New Jersey
Arlington,United States,SH-20395,Shahid Hopkins,22204,South,Consumer,Virginia
Arvada,United States,BP-11185,Ben Peterman,80004,West,Corporate,Colorado
Hackensack,United States,TS-21205,Thomas Seio,7601,East,Corporate,New Jersey
Saint Petersburg,United States,AG-10525,Andy Gerbode,33710,South,Corporate,Florida
Philadelphia,United States,SP-20860,Sung Pak,19143,East,Corporate,Pennsylvania
New York City,United States,NM-18445,Nathan Mautz,10024,East,Home Office,New York
Long Beach,United States,FA-14230,Frank Atkinson,90805,West,Corporate,California
Hesperia,United States,GK-14620,Grace Kelly,92345,West,Corporate,California
Murfreesboro,United States,DJ-13510,Don Jones,37130,South,Corporate,Tennessee
Philadelphia,United States,PO-18850,Patrick O'Brill,19143,East,Consumer,Pennsylvania
Philadelphia,United States,JL-15850,John Lucas,19134,East,Consumer,Pennsylvania
Los Angeles,United States,DB-13615,Doug Bickford,90045,West,Consumer,California
San Francisco,United States,AC-10420,Alyssa Crouse,94122,West,Corporate,California
San Francisco,United States,CC-12550,Clay Cheatham,94122,West,Consumer,California
Lowell,United States,TD-20995,Tamara Dahlen,1852,East,Consumer,Massachusetts
New York City,United States,AB-10060,Adam Bellavance,10009,East,Home Office,New York
New York City,United States,JL-15505,Jeremy Lonsdale,10035,East,Consumer,New York
Columbus,United States,VB-21745,Victoria Brennan,31907,South,Corporate,Georgia
New York City,United States,KW-16435,Katrina Willman,10009,East,Consumer,New York
San Francisco,United States,JD-16060,Julia Dunbar,94109,West,Consumer,California
Manchester,United States,MK-17905,Michael Kennedy,6040,East,Corporate,Connecticut
Harlingen,United States,GT-14755,Guy Thornton,78550,Central,Consumer,Texas
Tucson,United States,AG-10900,Arthur Gainer,85705,West,Consumer,Arizona
Quincy,United States,MM-18280,Muhammed MacIntyre,62301,Central,Corporate,Illinois
Franklin,United States,AR-10405,Allen Rosenblatt,2038,East,Corporate,Massachusetts
Houston,United States,RA-19915,Russell Applegate,77095,Central,Consumer,Texas
San Francisco,United States,AS-10285,Alejandro Savely,94109,West,Corporate,California
Taylor,United States,LA-16780,Laura Armstrong,48180,Central,Corporate,Michigan
Pembroke Pines,United States,DO-13435,Denny Ordway,33024,South,Consumer,Florida
Philadelphia,United States,DK-13225,Dean Katz,19140,East,Corporate,Pennsylvania
Cincinnati,United States,NG-18430,Nathan Gelder,45231,East,Consumer,Ohio
New York City,United States,MV-18190,Mike Vittorini,10009,East,Consumer,New York
Des Moines,United States,JG-15115,Jack Garza,98198,West,Consumer,Washington
Peoria,United States,BP-11095,Bart Pistole,61604,Central,Corporate,Illinois
Las Vegas,United States,VP-21730,Victor Preis,89115,West,Home Office,Nevada
Warwick,United States,SS-20140,Saphhira Shifley,2886,East,Corporate,Rhode Island
Houston,United States,AG-10675,Anna Gayman,77036,Central,Consumer,Texas
Miami,United States,LF-17185,Luke Foster,33180,South,Consumer,Florida
New York City,United States,RF-19840,Roy Französisch,10024,East,Consumer,New York
San Francisco,United States,KH-16510,Keith Herrera,94110,West,Consumer,California
Seattle,United States,KC-16675,Kimberly Carter,98105,West,Corporate,Washington
Huntington Beach,United States,CJ-12010,Caroline Jumper,92646,West,Consumer,California
Los Angeles,United States,PB-19150,Philip Brown,90004,West,Consumer,California
Lawrence,United States,MP-17965,Michael Paige,1841,East,Corporate,Massachusetts
Jackson,United States,NF-18385,Natalie Fritzler,39212,South,Consumer,Mississippi
New Rochelle,United States,SD-20485,Shirley Daniels,10801,East,Home Office,New York
San Antonio,United States,KH-16630,Ken Heidel,78207,Central,Corporate,Texas
Gastonia,United States,RB-19795,Ross Baird,28052,South,Home Office,North Carolina
Jacksonville,United States,MK-18160,Mike Kennedy,32216,South,Consumer,Florida
Chicago,United States,PO-19180,Philisse Overcash,60623,Central,Home Office,Illinois
Houston,United States,BB-11545,Brenda Bowman,77070,Central,Corporate,Texas
Columbus,United States,TB-21595,Troy Blackwell,47201,Central,Consumer,Indiana
Auburn,United States,RB-19360,Raymond Buch,13021,East,Consumer,New York
Akron,United States,EB-13705,Ed Braxton,44312,East,Corporate,Ohio
Concord,United States,SC-20095,Sanjit Chand,94521,West,Consumer,California
Phoenix,United States,TN-21040,Tanja Norvell,85023,West,Home Office,Arizona
Park Ridge,United States,JS-15940,Joni Sundaresam,60068,Central,Home Office,Illinois
Lindenhurst,United States,MH-17785,Maya Herman,11757,East,Corporate,New York
San Francisco,United States,JP-15520,Jeremy Pistek,94110,West,Consumer,California
Troy,United States,JE-15475,Jeremy Ellison,12180,East,Consumer,New York
New York City,United States,JG-15805,John Grady,10024,East,Corporate,New York
San Diego,United States,XP-21865,Xylona Preis,92024,West,Consumer,California
New York City,United States,EM-14065,Erin Mull,10024,East,Consumer,New York
Los Angeles,United States,MT-18070,Michelle Tran,90045,West,Home Office,California
Chicago,United States,SA-20830,Sue Ann Reed,60610,Central,Consumer,Illinois
Huntsville,United States,CW-11905,Carl Weiss,77340,Central,Home Office,Texas
Rochester,United States,AJ-10960,Astrea Jones,14609,East,Consumer,New York
Seattle,United States,SS-20590,Sonia Sunley,98115,West,Consumer,Washington
Memphis,United States,RO-19780,Rose O'Brian,38109,South,Consumer,Tennessee
Fayetteville,United States,MD-17350,Maribeth Dona,72701,South,Consumer,Arkansas
Parker,United States,MY-17380,Maribeth Yedwab,80134,West,Corporate,Colorado
Atlanta,United States,CM-12385,Christopher Martinez,30318,South,Consumer,Georgia
Gladstone,United States,LS-17245,Lynn Smith,64118,Central,Consumer,Missouri
Los Angeles,United States,BN-11515,Bradley Nguyen,90049,West,Consumer,California
Houston,United States,DB-13210,Dean Braden,77041,Central,Consumer,Texas
Detroit,United States,MC-17605,Matt Connell,48234,Central,Corporate,Michigan
Lawrence,United States,BD-11605,Brian Dahlen,1841,East,Consumer,Massachusetts
Lakeland,United States,PH-18790,Patricia Hirasaki,33801,South,Home Office,Florida
Philadelphia,United States,MG-18145,Mike Gockenbach,19134,East,Consumer,Pennsylvania
Los Angeles,United States,KB-16240,Karen Bern,90036,West,Corporate,California
Los Angeles,United States,JC-15340,Jasper Cacioppo,90032,West,Consumer,California
Montgomery,United States,RL-19615,Rob Lucas,36116,South,Consumer,Alabama
Mesa,United States,AA-10375,Allen Armold,85204,West,Consumer,Arizona
Chicago,United States,EP-13915,Emily Phan,60653,Central,Consumer,Illinois
Henderson,United States,DK-12985,Darren Koutras,42420,South,Consumer,Kentucky
Green Bay,United States,BD-11500,Bradley Drucker,54302,Central,Consumer,Wisconsin
Springfield,United States,LM-17065,Liz MacKendrick,45503,East,Consumer,Ohio
New York City,United States,AS-10135,Adrian Shami,10035,East,Home Office,New York
San Francisco,United States,BD-11320,Bill Donatelli,94110,West,Consumer,California
Houston,United States,GT-14710,Greg Tran,77070,Central,Consumer,Texas
Wilmington,United States,AJ-10945,Ashley Jarboe,28403,South,Consumer,North Carolina
Los Angeles,United States,OT-18730,Olvera Toch,90045,West,Consumer,California
San Francisco,United States,LP-17080,Liz Pelletier,94110,West,Consumer,California
Tampa,United States,CA-12775,Cynthia Arntzen,33614,South,Consumer,Florida
Seattle,United States,JF-15490,Jeremy Farry,98105,West,Consumer,Washington
Los Angeles,United States,FP-14320,Frank Preis,90008,West,Consumer,California
Seattle,United States,EB-13840,Ellis Ballard,98105,West,Corporate,Washington
New York City,United States,JF-15415,Jennifer Ferguson,10024,East,Consumer,New York
Marysville,United States,SF-20200,Sarah Foster,98270,West,Consumer,Washington
Long Beach,United States,TG-21640,Trudy Glocke,90805,West,Consumer,California
Chicago,United States,CS-11950,Carlos Soltero,60610,Central,Consumer,Illinois
Los Angeles,United States,CC-12145,Charles Crestani,90004,West,Consumer,California
Denver,United States,DV-13465,Dianna Vittorini,80219,West,Consumer,Colorado
Richmond,United States,BD-11725,Bruce Degenhardt,40475,South,Consumer,Kentucky
Salem,United States,ZC-21910,Zuschuss Carroll,97301,West,Consumer,Oregon
Laredo,United States,MS-17830,Melanie Seite,78041,Central,Consumer,Texas
San Diego,United States,LR-16915,Lena Radford,92024,West,Consumer,California
Philadelphia,United States,TP-21130,Theone Pippenger,19134,East,Consumer,Pennsylvania
Philadelphia,United States,CK-12205,Chloris Kastensmidt,19120,East,Consumer,Pennsylvania
Tampa,United States,AS-10240,Alan Shonely,33614,South,Consumer,Florida
Philadelphia,United States,AR-10510,Andrew Roberts,19134,East,Consumer,Pennsylvania
Dallas,United States,NB-18655,Nona Balk,75217,Central,Corporate,Texas
Philadelphia,United States,GD-14590,Giulietta Dortch,19143,East,Corporate,Pennsylvania
Grove City,United States,CK-12595,Clytie Kelty,43123,East,Consumer,Ohio
New York City,United States,NG-18355,Nat Gilpin,10011,East,Corporate,New York
Chicago,United States,CA-12265,Christina Anderson,60610,Central,Consumer,Illinois
Dearborn,United States,SF-20965,Sylvia Foulston,48126,Central,Corporate,Michigan
New York City,United States,MO-17800,Meg O'Connel,10009,East,Home Office,New York
Seattle,United States,AT-10735,Annie Thurman,98115,West,Consumer,Washington
Aurora,United States,FM-14380,Fred McMath,80013,West,Consumer,Colorado
Warner Robins,United States,DJ-13420,Denny Joy,31088,South,Corporate,Georgia
Aurora,United States,ME-17725,Max Engle,80013,West,Consumer,Colorado
Minneapolis,United States,JD-16150,Justin Deggeller,55407,Central,Corporate,Minnesota
Mission Viejo,United States,JL-15835,John Lee,92691,West,Consumer,California
Rochester Hills,United States,SC-20305,Sean Christensen,48307,Central,Consumer,Michigan
Columbus,United States,CC-12430,Chuck Clark,47201,Central,Home Office,Indiana
Vancouver,United States,AR-10825,Anthony Rawles,98661,West,Corporate,Washington
New York City,United States,SR-20740,Steven Roelle,10024,East,Home Office,New York
Columbus,United States,CR-12730,Craig Reiter,43229,East,Consumer,Ohio
Aurora,United States,EH-14125,Eugene Hildebrand,60505,Central,Home Office,Illinois
New York City,United States,SP-20545,Sibella Parks,10011,East,Corporate,New York
Dallas,United States,TH-21235,Tiffany House,75081,Central,Corporate,Texas
Cleveland,United States,RP-19390,Resi Pölking,44105,East,Consumer,Ohio
Columbus,United States,RB-19570,Rob Beeghly,47201,Central,Consumer,Indiana
Tyler,United States,CD-11980,Carol Darley,75701,Central,Consumer,Texas
New York City,United States,DJ-13630,Doug Jacobs,10024,East,Consumer,New York
Burlington,United States,GT-14635,Grant Thornton,27217,South,Corporate,North Carolina
Jackson,United States,MC-17845,Michael Chen,39212,South,Consumer,Mississippi
New York City,United States,RA-19285,Ralph Arnett,10035,East,Consumer,New York
Waynesboro,United States,NP-18325,Naresj Patel,22980,South,Consumer,Virginia
Los Angeles,United States,AB-10165,Alan Barnes,90036,West,Consumer,California
Chester,United States,JO-15550,Jesus Ocampo,19013,East,Home Office,Pennsylvania
Long Beach,United States,JK-15370,Jay Kimmel,90805,West,Consumer,California
Cary,United States,BN-11470,Brad Norvell,27511,South,Corporate,North Carolina
New York City,United States,DP-13165,David Philippe,10035,East,Consumer,New York
New York City,United States,TH-21550,Tracy Hopkins,10035,East,Home Office,New York
Palm Coast,United States,AP-10915,Arthur Prichep,32137,South,Consumer,Florida
Mount Vernon,United States,RS-19765,Roland Schwarz,10550,East,Corporate,New York
Dover,United States,SV-20365,Seth Vernon,19901,East,Consumer,Delaware
Orem,United States,CK-12325,Christine Kargatis,84057,West,Home Office,Utah
Los Angeles,United States,RD-19810,Ross DeVincentis,90045,West,Home Office,California
Philadelphia,United States,MR-17545,Mathew Reese,19140,East,Home Office,Pennsylvania
Hialeah,United States,SC-20695,Steve Chapman,33012,South,Corporate,Florida
Austin,United States,JF-15355,Jay Fein,78745,Central,Consumer,Texas
Oceanside,United States,EG-13900,Emily Grady,11572,East,Consumer,New York
Seattle,United States,DS-13030,Darrin Sayre,98115,West,Home Office,Washington
Naperville,United States,PO-19195,Phillina Ober,60540,Central,Home Office,Illinois
Dallas,United States,SS-20875,Sung Shariari,75220,Central,Consumer,Texas
Evanston,United States,PB-19105,Peter Bühler,60201,Central,Consumer,Illinois
Trenton,United States,RF-19735,Roland Fjeld,48183,Central,Consumer,Michigan
San Francisco,United States,YC-21895,Yoseph Carroll,94110,West,Corporate,California
Cottage Grove,United States,DC-13285,Debra Catini,55016,Central,Consumer,Minnesota
New York City,United States,CP-12340,Christine Phan,10009,East,Corporate,New York
Green Bay,United States,BF-11020,Barry Französisch,54302,Central,Corporate,Wisconsin
Columbus,United States,LH-17020,Lisa Hazard,43229,East,Consumer,Ohio
Bossier City,United States,CS-12250,Chris Selesnick,71111,South,Corporate,Louisiana
Saint Petersburg,United States,AJ-10795,Anthony Johnson,33710,South,Corporate,Florida
Des Moines,United States,BV-11245,Benjamin Venier,50315,Central,Corporate,Iowa
Cincinnati,United States,DL-12865,Dan Lawera,45231,East,Consumer,Ohio
Columbus,United States,BM-11785,Bryan Mills,43229,East,Consumer,Ohio
Lancaster,United States,LT-17110,Liz Thompson,93534,West,Consumer,California
Asheville,United States,JK-15730,Joe Kamberova,28806,South,Consumer,North Carolina
San Francisco,United States,ES-14020,Erica Smith,94110,West,Consumer,California
Rochester,United States,RH-19495,Rick Hansen,55901,Central,Consumer,Minnesota
Lake Elsinore,United States,CD-11920,Carlos Daly,92530,West,Consumer,California
San Diego,United States,HW-14935,Helen Wasserman,92105,West,Corporate,California
Monroe,United States,MC-18130,Mike Caudle,71203,South,Corporate,Louisiana
San Francisco,United States,GM-14440,Gary McGarr,94122,West,Consumer,California
Santa Ana,United States,PJ-19015,Pauline Johnson,92704,West,Consumer,California
Milwaukee,United States,BW-11110,Bart Watters,53209,Central,Corporate,Wisconsin
Belleville,United States,TR-21325,Toby Ritter,7109,East,Consumer,New Jersey
San Francisco,United States,PG-18820,Patrick Gardner,94110,West,Consumer,California
Columbia,United States,JL-15175,James Lanier,38401,South,Home Office,Tennessee
New York City,United States,BM-11650,Brian Moss,10035,East,Corporate,New York
Los Angeles,United States,EM-14095,Eudokia Martin,90036,West,Corporate,California
Louisville,United States,AF-10885,Art Foster,40214,South,Consumer,Kentucky
Lorain,United States,GA-14725,Guy Armstrong,44052,East,Consumer,Ohio
Linden,United States,CK-12760,Cyma Kinney,7036,East,Corporate,New Jersey
Salinas,United States,DP-13105,Dave Poirier,93905,West,Corporate,California
New York City,United States,BK-11260,Berenike Kampe,10035,East,Consumer,New York
New Brunswick,United States,SJ-20125,Sanjit Jacobs,8901,East,Home Office,New Jersey
San Francisco,United States,CM-12445,Chuck Magee,94122,West,Consumer,California
Springfield,United States,AJ-10780,Anthony Jacobs,22153,South,Corporate,Virginia
Philadelphia,United States,LS-16945,Linda Southworth,19140,East,Corporate,Pennsylvania
Lancaster,United States,GP-14740,Guy Phonely,17602,East,Corporate,Pennsylvania
Philadelphia,United States,PK-18910,Paul Knutson,19143,East,Home Office,Pennsylvania
New York City,United States,SM-20005,Sally Matthias,10009,East,Consumer,New York
Philadelphia,United States,AG-10765,Anthony Garverick,19120,East,Home Office,Pennsylvania
Detroit,United States,PM-19135,Peter McVee,48227,Central,Home Office,Michigan
Rochester,United States,LL-16840,Lauren Leatherbury,14609,East,Consumer,New York
Los Angeles,United States,JS-15595,Jill Stevenson,90045,West,Corporate,California
Columbia,United States,EL-13735,Ed Ludwig,21044,East,Home Office,Maryland
San Francisco,United States,PC-18745,Pamela Coakley,94122,West,Corporate,California
Houston,United States,HL-15040,Hunter Lopez,77095,Central,Consumer,Texas
Detroit,United States,MS-17365,Maribeth Schnelling,48227,Central,Consumer,Michigan
Auburn,United States,GB-14530,George Bell,13021,East,Corporate,New York
Springfield,United States,JR-16210,Justin Ritter,45503,East,Corporate,Ohio
Jackson,United States,BE-11335,Bill Eplett,49201,Central,Home Office,Michigan
Norwich,United States,SC-20050,Sample Company A,6360,East,Home Office,Connecticut
Dallas,United States,RW-19630,Rob Williams,75220,Central,Corporate,Texas
New York City,United States,SE-20110,Sanjit Engle,10009,East,Consumer,New York
New York City,United States,AH-10075,Adam Hart,10011,East,Corporate,New York
Philadelphia,United States,JM-15535,Jessica Myrick,19143,East,Consumer,Pennsylvania
Springfield,United States,JJ-15760,Joel Jenkins,22153,South,Home Office,Virginia
Philadelphia,United States,RK-19300,Ralph Kennedy,19140,East,Consumer,Pennsylvania
Philadelphia,United States,CG-12040,Catherine Glotzbach,19120,East,Home Office,Pennsylvania
Riverside,United States,RP-19270,Rachel Payne,92503,West,Corporate,California
San Francisco,United States,KC-16255,Karen Carlisle,94110,West,Corporate,California
Philadelphia,United States,KH-16360,Katherine Hughes,19143,East,Consumer,Pennsylvania
Round Rock,United States,GH-14665,Greg Hansen,78664,Central,Consumer,Texas
Jackson,United States,SW-20275,Scott Williamson,39212,South,Consumer,Mississippi
Phoenix,United States,JA-15970,Joseph Airdo,85023,West,Consumer,Arizona
Oceanside,United States,DL-12925,Daniel Lacy,92054,West,Consumer,California
San Francisco,United States,LW-16990,Lindsay Williams,94110,West,Corporate,California
Fayetteville,United States,TB-21190,Thomas Brumley,72701,South,Home Office,Arkansas
New York City,United States,BS-11800,Bryan Spruell,10011,East,Home Office,New York
Wilmington,United States,RW-19690,Robert Waldorf,28403,South,Consumer,North Carolina
Louisville,United States,TZ-21580,Tracy Zic,80027,West,Consumer,Colorado
Pasadena,United States,AS-10630,Ann Steele,77506,Central,Home Office,Texas
Houston,United States,TS-21340,Toby Swindell,77041,Central,Consumer,Texas
Jacksonville,United States,SL-20155,Sara Luxemburg,32216,South,Home Office,Florida
Virginia Beach,United States,MW-18235,Mitch Willingham,23464,South,Corporate,Virginia
Henderson,United States,RD-19585,Rob Dowd,42420,South,Consumer,Kentucky
Murrieta,United States,RA-19945,Ryan Akin,92563,West,Consumer,California
Scottsdale,United States,MT-17815,Meg Tillman,85254,West,Consumer,Arizona
San Diego,United States,VG-21790,Vivek Gonzalez,92037,West,Consumer,California
Seattle,United States,JS-15880,John Stevenson,98103,West,Consumer,Washington
New York City,United States,KM-16225,Kalyca Meade,10011,East,Corporate,New York
Los Angeles,United States,HR-14770,Hallie Redmond,90045,West,Home Office,California
Springfield,United States,DE-13255,Deanra Eno,45503,East,Home Office,Ohio
Cincinnati,United States,AG-10390,Allen Goldenen,45231,East,Consumer,Ohio
Los Angeles,United States,JJ-15445,Jennifer Jackson,90004,West,Consumer,California
Burlington,United States,JH-15430,Jennifer Halladay,27217,South,Consumer,North Carolina
Saint Peters,United States,RD-19660,Robert Dilbeck,63376,Central,Home Office,Missouri
New York City,United States,MO-17500,Mary O'Rourke,10035,East,Consumer,New York
Chicago,United States,NS-18640,Noel Staavos,60610,Central,Corporate,Illinois
Philadelphia,United States,DG-13300,Deirdre Greer,19134,East,Corporate,Pennsylvania
New York City,United States,NF-18595,Nicole Fjeld,10009,East,Home Office,New York
Philadelphia,United States,MG-17650,Matthew Grinstein,19143,East,Home Office,Pennsylvania
Toledo,United States,TS-21160,Theresa Swint,43615,East,Corporate,Ohio
San Francisco,United States,BD-11620,Brian DeCherney,94122,West,Consumer,California
Brownsville,United States,CM-12160,Charles McCrossin,78521,Central,Consumer,Texas
Los Angeles,United States,SN-20560,Skye Norling,90008,West,Home Office,California
Denver,United States,EH-14005,Erica Hernandez,80219,West,Home Office,Colorado
New York City,United States,FO-14305,Frank Olsen,10035,East,Consumer,New York
Mesa,United States,MS-17710,Maurice Satty,85204,West,Consumer,Arizona
Columbus,United States,CC-12100,Chad Cunningham,47201,Central,Home Office,Indiana
Seattle,United States,DW-13540,Don Weiss,98105,West,Consumer,Washington
Detroit,United States,BT-11395,Bill Tyler,48227,Central,Corporate,Michigan
Oakland,United States,CY-12745,Craig Yedwab,94601,West,Corporate,California
Clinton,United States,BT-11485,Brad Thomas,20735,East,Home Office,Maryland
Charlotte,United States,PS-19045,Penelope Sewall,28205,South,Home Office,North Carolina
San Francisco,United States,PV-18985,Paul Van Hugh,94122,West,Home Office,California
Riverside,United States,NM-18520,Neoma Murray,92503,West,Consumer,California
San Francisco,United States,DL-13495,Dionis Lloyd,94110,West,Corporate,California
Roswell,United States,CS-12355,Christine Sundaresam,30076,South,Consumer,Georgia
La Porte,United States,FH-14275,Frank Hawley,46350,Central,Corporate,Indiana
Lansing,United States,NC-18340,Nat Carroll,48911,Central,Consumer,Michigan
Minneapolis,United States,AA-10315,Alex Avila,55407,Central,Consumer,Minnesota
Escondido,United States,LT-16765,Larry Tron,92025,West,Consumer,California
New York City,United States,AP-10720,Anne Pryor,10035,East,Home Office,New York
Jackson,United States,PM-18940,Paul MacIntyre,49201,Central,Consumer,Michigan
Los Angeles,United States,AT-10435,Alyssa Tate,90004,West,Home Office,California
Houston,United States,CA-12055,Cathy Armstrong,77070,Central,Home Office,Texas
Seattle,United States,HR-14830,Harold Ryan,98103,West,Corporate,Washington
Los Angeles,United States,BT-11530,Bradley Talbott,90036,West,Home Office,California
Charlotte,United States,LH-16750,Larry Hughes,28205,South,Consumer,North Carolina
New York City,United States,SW-20755,Steven Ward,10009,East,Corporate,New York
Philadelphia,United States,SP-20620,Stefania Perrino,19134,East,Corporate,Pennsylvania
Los Angeles,United States,BF-11170,Ben Ferrer,90036,West,Home Office,California
Buffalo,United States,KT-16480,Kean Thornton,14215,East,Consumer,New York
Cincinnati,United States,BG-11695,Brooke Gillingham,45231,East,Corporate,Ohio
Seattle,United States,GM-14680,Greg Matthias,98105,West,Consumer,Washington
Gulfport,United States,EJ-14155,Eva Jacobs,39503,South,Consumer,Mississippi
Fresno,United States,NP-18700,Nora Preis,93727,West,Consumer,California
Chester,United States,MH-18115,Mick Hernandez,19013,East,Home Office,Pennsylvania
Jacksonville,United States,JR-15700,Jocasta Rupert,32216,South,Consumer,Florida
Greenville,United States,SM-20950,Suzanne McNair,27834,South,Corporate,North Carolina
La Porte,United States,CC-12220,Chris Cortes,46350,Central,Consumer,Indiana
San Francisco,United States,PF-19225,Phillip Flathmann,94122,West,Consumer,California
Florence,United States,DC-12850,Dan Campbell,35630,South,Consumer,Alabama
Houston,United States,BD-11770,Bryan Davis,77070,Central,Consumer,Texas
Providence,United States,GM-14500,Gene McClure,2908,East,Consumer,Rhode Island
New York City,United States,TB-21355,Todd Boyes,10009,East,Corporate,New York
Pueblo,United States,JH-16180,Justin Hirsh,81001,West,Consumer,Colorado
Fairfield,United States,EB-13975,Erica Bern,94533,West,Corporate,California
Saint Paul,United States,QJ-19255,Quincy Jones,55106,Central,Corporate,Minnesota
Arlington,United States,TC-21535,Tracy Collins,22204,South,Home Office,Virginia
Columbus,United States,CS-12460,Chuck Sachs,31907,South,Consumer,Georgia
Los Angeles,United States,HG-14965,Henry Goldwyn,90032,West,Corporate,California
Deltona,United States,LW-16825,Laurel Workman,32725,South,Corporate,Florida
Cincinnati,United States,MC-17575,Matt Collins,45231,East,Consumer,Ohio
Murray,United States,LP-17095,Liz Preis,42071,South,Consumer,Kentucky
Wilmington,United States,EB-14170,Evan Bailliet,28403,South,Consumer,North Carolina
Lawrence,United States,GZ-14545,George Zrebassa,1841,East,Corporate,Massachusetts
Norwich,United States,CP-12085,Cathy Prescott,6360,East,Corporate,Connecticut
San Francisco,United States,FG-14260,Frank Gastineau,94110,West,Home Office,California
San Francisco,United States,LD-17005,Lisa DeCherney,94109,West,Consumer,California
Lorain,United States,AB-10255,Alejandro Ballentine,44052,East,Home Office,Ohio
Dallas,United States,MN-17935,Michael Nguyen,75220,Central,Consumer,Texas
Middletown,United States,JR-15670,Jim Radford,6457,East,Consumer,Connecticut
Los Angeles,United States,JF-15190,Jamie Frazer,90008,West,Consumer,California
New York City,United States,CM-12115,Chad McGuire,10011,East,Consumer,New York
Jacksonville,United States,AS-10045,Aaron Smayling,28540,South,Corporate,North Carolina
Evanston,United States,BP-11290,Beth Paige,60201,Central,Consumer,Illinois
Louisville,United States,ND-18370,Natalie DeCherney,40214,South,Consumer,Kentucky
Fort Worth,United States,LB-16735,Larry Blacks,76106,Central,Consumer,Texas
Los Angeles,United States,KT-16465,Kean Takahito,90049,West,Consumer,California
Philadelphia,United States,HM-14860,Harry Marie,19120,East,Corporate,Pennsylvania
Tucson,United States,AB-10600,Ann Blume,85705,West,Corporate,Arizona
Pico Rivera,United States,SZ-20035,Sam Zeldin,90660,West,Home Office,California
Clinton,United States,MG-17890,Michael Granlund,20735,East,Home Office,Maryland
Aurora,United States,JK-16120,Julie Kriz,60505,Central,Home Office,Illinois
Smyrna,United States,PP-18955,Paul Prost,30080,South,Home Office,Georgia
Burlington,United States,YS-21880,Yana Sorensen,27217,South,Corporate,North Carolina
Salem,United States,KM-16375,Katherine Murray,24153,South,Home Office,Virginia
Phoenix,United States,AB-10105,Adrian Barton,85023,West,Consumer,Arizona
New York City,United States,HA-14905,Helen Abelman,10024,East,Consumer,New York
Costa Mesa,United States,BT-11305,Beth Thompson,92627,West,Home Office,California
Houston,United States,SV-20815,Stuart Van,77041,Central,Corporate,Texas
Mesa,United States,RW-19540,Rick Wilson,85204,West,Corporate,Arizona
Salinas,United States,DK-12835,Damala Kotsonis,93905,West,Corporate,California
Parma,United States,ST-20530,Shui Tom,44134,East,Consumer,Ohio
San Francisco,United States,MM-17920,Michael Moore,94110,West,Consumer,California
Richmond,United States,PW-19030,Pauline Webber,40475,South,Corporate,Kentucky
Aurora,United States,SC-20440,Shaun Chance,80013,West,Corporate,Colorado
Phoenix,United States,TS-21085,Thais Sissman,85023,West,Consumer,Arizona
Mobile,United States,MC-17425,Mark Cousins,36608,South,Corporate,Alabama
Columbus,United States,ME-17320,Maria Etezadi,31907,South,Home Office,Georgia
Irving,United States,NH-18610,Nicole Hansen,75061,Central,Corporate,Texas
Vineland,United States,MB-18085,Mick Brown,8360,East,Consumer,New Jersey
New York City,United States,KD-16495,Keith Dawkins,10009,East,Corporate,New York
Los Angeles,United States,KN-16390,Katherine Nockton,90004,West,Corporate,California
Niagara Falls,United States,NP-18685,Nora Pelletier,14304,East,Home Office,New York
Thomasville,United States,CS-12505,Cindy Stewart,27360,South,Consumer,North Carolina
New York City,United States,MS-17770,Maxwell Schwartz,10035,East,Consumer,New York
Los Angeles,United States,CM-12655,Corinna Mitchell,90008,West,Home Office,California
Philadelphia,United States,Co-12640,Corey-Lock,19143,East,Consumer,Pennsylvania
New York City,United States,TS-21370,Todd Sumrall,10035,East,Corporate,New York
Vancouver,United States,JW-15220,Jane Waco,98661,West,Corporate,Washington
Coppell,United States,JD-15790,John Dryer,75019,Central,Consumer,Texas
Los Angeles,United States,PC-19000,Pauline Chand,90004,West,Home Office,California
New York City,United States,AR-10540,Andy Reiter,10024,East,Consumer,New York
Philadelphia,United States,AI-10855,Arianne Irving,19120,East,Consumer,Pennsylvania
Seattle,United States,TB-21400,Tom Boeckenhauer,98105,West,Consumer,Washington
Chicago,United States,PL-18925,Paul Lucas,60610,Central,Home Office,Illinois
Tucson,United States,GH-14425,Gary Hwang,85705,West,Consumer,Arizona
Laguna Niguel,United States,MP-18175,Mike Pelletier,92677,West,Home Office,California
Bridgeton,United States,JM-15655,Jim Mitchum,8302,East,Corporate,New Jersey
Everett,United States,CL-11890,Carl Ludwig,2149,East,Consumer,Massachusetts
San Diego,United States,DB-13270,Deborah Brumfield,92024,West,Home Office,California
San Diego,United States,IG-15085,Ivan Gibson,92024,West,Consumer,California
Richmond,United States,BO-11425,Bobby Odegard,40475,South,Consumer,Kentucky
Long Beach,United States,AB-10150,Aimee Bixby,11561,East,Consumer,New York
Philadelphia,United States,JW-16075,Julia West,19140,East,Consumer,Pennsylvania
Seattle,United States,EB-13750,Edward Becker,98103,West,Corporate,Washington
New York City,United States,SG-20470,Sheri Gordon,10011,East,Consumer,New York
Philadelphia,United States,CM-12190,Charlotte Melton,19134,East,Consumer,Pennsylvania
Allen,United States,AW-10840,Anthony Witt,75002,Central,Consumer,Texas
El Paso,United States,MC-18100,Mick Crebagga,79907,Central,Consumer,Texas
Aurora,United States,TT-21460,Tonja Turnell,60505,Central,Home Office,Illinois
Virginia Beach,United States,VG-21805,Vivek Grady,23464,South,Corporate,Virginia
Grapevine,United States,MY-18295,Muhammed Yedwab,76051,Central,Corporate,Texas
Olympia,United States,RD-19480,Rick Duston,98502,West,Consumer,Washington
Peoria,United States,DP-13390,Dennis Pardue,61604,Central,Home Office,Illinois
Los Angeles,United States,ML-17395,Marina Lichtenstein,90008,West,Corporate,California
Kent,United States,JC-15385,Jenna Caffey,98031,West,Consumer,Washington
Los Angeles,United States,JG-15160,James Galang,90049,West,Consumer,California
Lafayette,United States,MC-17275,Marc Crier,70506,South,Consumer,Louisiana
Tigard,United States,NW-18400,Natalie Webber,97224,West,Consumer,Oregon
Washington,United States,TB-21280,Toby Braunhardt,20016,East,Consumer,District of Columbia
Skokie,United States,BS-11380,Bill Stewart,60076,Central,Corporate,Illinois
San Francisco,United States,HH-15010,Hilary Holden,94110,West,Corporate,California
Seattle,United States,CD-12280,Christina DeMoss,98105,West,Consumer,Washington
Los Angeles,United States,TH-21100,Thea Hendricks,90045,West,Consumer,California
Seattle,United States,MM-18055,Michelle Moray,98115,West,Consumer,Washington
Dallas,United States,NS-18505,Neola Schneider,75217,Central,Consumer,Texas
North Las Vegas,United States,RB-19645,Robert Barroso,89031,West,Corporate,Nevada
Suffolk,United States,SW-20455,Shaun Weien,23434,South,Consumer,Virginia
San Francisco,United States,EB-13930,Eric Barreto,94110,West,Consumer,California
Los Angeles,United States,PS-18760,Pamela Stobb,90008,West,Consumer,California
Indianapolis,United States,HF-14995,Herbert Flentye,46203,Central,Consumer,Indiana
Columbus,United States,HZ-14950,Henia Zydlo,43229,East,Consumer,Ohio
San Diego,United States,CD-12790,Cynthia Delaney,92037,West,Home Office,California
San Francisco,United States,JK-15205,Jamie Kunitz,94122,West,Consumer,California
Dublin,United States,FM-14215,Filia McAdams,43017,East,Corporate,Ohio
San Diego,United States,ED-13885,Emily Ducich,92037,West,Home Office,California
Houston,United States,DA-13450,Dianna Arnett,77095,Central,Home Office,Texas
Oakland,United States,JW-15955,Joni Wasserman,94601,West,Consumer,California
Houston,United States,RM-19375,Raymond Messe,77095,Central,Consumer,Texas
Suffolk,United States,ML-17755,Max Ludwig,23434,South,Home Office,Virginia
Greensboro,United States,CC-12685,Craig Carroll,27405,South,Consumer,North Carolina
Milwaukee,United States,JE-15610,Jim Epp,53209,Central,Corporate,Wisconsin
Kenosha,United States,RP-19855,Roy Phan,53142,Central,Corporate,Wisconsin
Houston,United States,TB-21175,Thomas Boland,77041,Central,Corporate,Texas
Olathe,United States,BE-11455,Brad Eason,66062,Central,Home Office,Kansas
Dallas,United States,JF-15565,Jill Fjeld,75081,Central,Consumer,Texas
Tulsa,United States,PB-19210,Phillip Breyer,74133,Central,Corporate,Oklahoma
Newark,United States,BT-11680,Brian Thompson,43055,East,Consumer,Ohio
Chicago,United States,JL-15235,Janet Lee,60623,Central,Consumer,Illinois
Raleigh,United States,CH-12070,Cathy Hwang,27604,South,Home Office,North Carolina
Macon,United States,ND-18460,Neil Ducich,31204,South,Corporate,Georgia
Charlotte,United States,BF-10975,Barbara Fisher,28205,South,Corporate,North Carolina
Bowling Green,United States,KH-16330,Katharine Harms,42104,South,Corporate,Kentucky
Seattle,United States,GW-14605,Giulietta Weimer,98115,West,Consumer,Washington
Aurora,United States,NC-18625,Noah Childs,80013,West,Corporate,Colorado
San Francisco,United States,ME-18010,Michelle Ellison,94122,West,Corporate,California
Spokane,United States,BP-11230,Benjamin Patterson,99207,West,Consumer,Washington
San Antonio,United States,JC-15775,John Castell,78207,Central,Consumer,Texas
Charlottesville,United States,AS-10090,Adam Shillingsburg,22901,South,Consumer,Virginia
Minneapolis,United States,AC-10450,Amy Cox,55407,Central,Consumer,Minnesota
Indianapolis,United States,MD-17860,Michael Dominguez,46203,Central,Corporate,Indiana
Oceanside,United States,DB-13660,Duane Benoit,11572,East,Consumer,New York
Roswell,United States,EH-13990,Erica Hackney,30076,South,Consumer,Georgia
Watertown,United States,EH-13765,Edward Hooks,13601,East,Corporate,New York
Arlington,United States,SC-20230,Scot Coram,76017,Central,Corporate,Texas
Broomfield,United States,JE-15715,Joe Elijah,80020,West,Consumer,Colorado
New York City,United States,AC-10615,Ann Chong,10009,East,Corporate,New York
Chicago,United States,JD-16015,Joy Daniels,60610,Central,Consumer,Illinois
Columbus,United States,CB-12415,Christy Brittain,43229,East,Consumer,Ohio
Houston,United States,JS-16030,Joy Smith,77036,Central,Consumer,Texas
Pasadena,United States,LW-17215,Luke Weiss,91104,West,Consumer,California
Houston,United States,SC-20800,Stuart Calhoun,77041,Central,Consumer,Texas
Auburn,United States,AM-10705,Anne McFarland,36830,South,Consumer,Alabama
Providence,United States,RH-19510,Rick Huthwaite,2908,East,Home Office,Rhode Island
Rochester,United States,CT-11995,Carol Triggs,55901,Central,Consumer,Minnesota
Perth Amboy,United States,MC-17590,Matt Collister,8861,East,Corporate,New Jersey
Philadelphia,United States,CC-12610,Corey Catlett,19134,East,Corporate,Pennsylvania
Ontario,United States,KA-16525,Kelly Andreada,91761,West,Consumer,California
Seattle,United States,TC-20980,Tamara Chand,98105,West,Corporate,Washington
Baltimore,United States,BF-11080,Bart Folk,21215,East,Consumer,Maryland
Wilmington,United States,MM-17260,Magdelene Morse,19805,East,Consumer,Delaware
Tucson,United States,AH-10120,Adrian Hane,85705,West,Home Office,Arizona
Boynton Beach,United States,BW-11200,Ben Wallace,33437,South,Consumer,Florida
Stockton,United States,SW-20245,Scot Wooten,95207,West,Consumer,California
Philadelphia,United States,BS-11665,Brian Stugart,19143,East,Consumer,Pennsylvania
Dover,United States,RF-19345,Randy Ferguson,3820,East,Corporate,New Hampshire
Philadelphia,United States,WB-21850,William Brown,19134,East,Consumer,Pennsylvania
Grand Prairie,United States,TB-21625,Trudy Brown,75051,Central,Consumer,Texas
College Station,United States,AF-10870,Art Ferguson,77840,Central,Consumer,Texas
Saint Louis,United States,RB-19435,Richard Bierner,63116,Central,Consumer,Missouri
Manteca,United States,KF-16285,Karen Ferguson,95336,West,Home Office,California
Kent,United States,JH-15820,John Huston,44240,East,Consumer,Ohio
San Francisco,United States,IL-15100,Ivan Liston,94122,West,Consumer,California
Salt Lake City,United States,PB-18805,Patrick Bzostek,84106,West,Home Office,Utah
Huntsville,United States,RH-19600,Rob Haberlin,35810,South,Consumer,Alabama
Aurora,United States,AW-10930,Arthur Wiediger,60505,Central,Home Office,Illinois
Fairfield,United States,ML-17410,Maris LaWare,6824,East,Consumer,Connecticut
Jacksonville,United States,DB-13555,Dorothy Badders,32216,South,Corporate,Florida
San Francisco,United States,MH-17620,Matt Hagelstein,94110,West,Corporate,California
Marion,United States,DK-13375,Dennis Kane,43302,East,Consumer,Ohio
Littleton,United States,BT-11440,Bobby Trafton,80122,West,Consumer,Colorado
La Porte,United States,DB-13405,Denny Blanton,46350,Central,Consumer,Indiana
Los Angeles,United States,TG-21310,Toby Gnade,90049,West,Consumer,California
Pasadena,United States,BF-11005,Barry Franz,91104,West,Home Office,California
Los Angeles,United States,JM-16195,Justin MacKendrick,90004,West,Consumer,California
San Diego,United States,MZ-17335,Maria Zettner,92024,West,Home Office,California
New York City,United States,MW-18220,Mitch Webber,10035,East,Consumer,New York
Arlington,United States,MV-17485,Mark Van Huff,22204,South,Consumer,Virginia
Monroe,United States,SM-20320,Sean Miller,28110,South,Home Office,North Carolina
Seattle,United States,TP-21415,Tom Prescott,98115,West,Consumer,Washington
Seattle,United States,JK-15625,Jim Karlsson,98115,West,Consumer,Washington
Murfreesboro,United States,PJ-18835,Patrick Jones,37130,South,Corporate,Tennessee
Seattle,United States,RS-19420,Ricardo Sperren,98115,West,Corporate,Washington
New York City,United States,SV-20935,Susan Vittorini,10009,East,Consumer,New York
Peoria,United States,BC-11125,Becky Castell,85345,West,Home Office,Arizona
Sioux Falls,United States,EM-13825,Elizabeth Moffitt,57103,Central,Corporate,South Dakota
New York City,United States,BM-11575,Brendan Murry,10035,East,Corporate,New York
Fort Collins,United States,KN-16705,Kristina Nunn,80525,West,Home Office,Colorado
Clarksville,United States,KW-16570,Kelly Williams,37042,South,Consumer,Tennessee
San Francisco,United States,SC-20260,Scott Cohen,94122,West,Corporate,California
Fresno,United States,CV-12295,Christina VanderZanden,93727,West,Consumer,California
New York City,United States,SG-20605,Speros Goranitis,10009,East,Consumer,New York
San Francisco,United States,TM-21010,Tamara Manning,94122,West,Consumer,California
Los Angeles,United States,EM-13810,Eleni McCrary,90036,West,Corporate,California
Albuquerque,United States,ML-18040,Michelle Lonsdale,87105,West,Corporate,New Mexico
Elmhurst,United States,CR-12580,Clay Rozendal,60126,Central,Home Office,Illinois
New York City,United States,AZ-10750,Annie Zypern,10009,East,Consumer,New York
Louisville,United States,PW-19240,Pierre Wener,80027,West,Consumer,Colorado
Seattle,United States,SC-20380,Shahid Collister,98115,West,Consumer,Washington
Fayetteville,United States,CM-11935,Carlos Meador,28314,South,Consumer,North Carolina
Los Angeles,United States,GM-14695,Greg Maxwell,90036,West,Corporate,California
New York City,United States,TB-21250,Tim Brockman,10024,East,Consumer,New York
Jamestown,United States,JM-15865,John Murray,14701,East,Consumer,New York
Mishawaka,United States,SC-20575,Sonia Cooley,46544,Central,Consumer,Indiana
Skokie,United States,LS-17200,Luke Schmidt,60076,Central,Corporate,Illinois
San Francisco,United States,RR-19315,Ralph Ritter,94110,West,Consumer,California
Tampa,United States,DB-12910,Daniel Byrd,33614,South,Home Office,Florida
Houston,United States,TT-21220,Thomas Thornton,77041,Central,Consumer,Texas
La Quinta,United States,LO-17170,Lori Olson,92253,West,Corporate,California
Scottsdale,United States,KD-16615,Ken Dana,85254,West,Corporate,Arizona
Philadelphia,United States,NB-18580,Nicole Brennan,19134,East,Corporate,Pennsylvania
Bowling Green,United States,BD-11635,Brian Derr,42104,South,Consumer,Kentucky
Carrollton,United States,CM-12235,Chris McAfee,75007,Central,Consumer,Texas
New York City,United States,EN-13780,Edward Nazzal,10035,East,Consumer,New York
Jacksonville,United States,KN-16450,Kean Nguyen,32216,South,Corporate,Florida
Los Angeles,United States,BO-11350,Bill Overfelt,90045,West,Corporate,California
Los Angeles,United States,AG-10300,Aleksandra Gannaway,90049,West,Corporate,California
Saint Louis,United States,MC-17635,Matthew Clasen,63116,Central,Corporate,Missouri
New York City,United States,TA-21385,Tom Ashbrook,10024,East,Home Office,New York
Seattle,United States,JF-15295,Jason Fortune-,98103,West,Consumer,Washington
Los Angeles,United States,TT-21265,Tim Taslimi,90045,West,Corporate,California
New York City,United States,SB-20170,Sarah Bern,10035,East,Consumer,New York
Springfield,United States,CL-12700,Craig Leslie,65807,Central,Home Office,Missouri
Amarillo,United States,HG-15025,Hunter Glantz,79109,Central,Consumer,Texas
Los Angeles,United States,NL-18310,Nancy Lomonaco,90045,West,Home Office,California
Lowell,United States,RR-19525,Rick Reed,1852,East,Corporate,Massachusetts
San Diego,United States,TC-21295,Toby Carlisle,92024,West,Consumer,California
Pueblo,United States,SV-20785,Stewart Visinsky,81001,West,Consumer,Colorado
Lancaster,United States,BE-11410,Bobby Elias,43130,East,Consumer,Ohio
Columbus,United States,SC-20680,Steve Carroll,31907,South,Home Office,Georgia
Vallejo,United States,DF-13135,David Flashing,94591,West,Consumer,California
Seattle,United States,FH-14350,Fred Harton,98105,West,Consumer,Washington
San Diego,United States,MS-17530,MaryBeth Skach,92037,West,Consumer,California
Tallahassee,United States,RH-19555,Ritsa Hightower,32303,South,Consumer,Florida
San Francisco,United States,GA-14515,George Ashbrook,94122,West,Consumer,California
Columbus,United States,JP-16135,Julie Prescott,31907,South,Home Office,Georgia
Murray,United States,Dp-13240,Dean percer,84107,West,Home Office,Utah
Dallas,United States,MO-17950,Michael Oakman,75220,Central,Consumer,Texas
Las Cruces,United States,DL-13330,Denise Leinenbach,88001,West,Consumer,New Mexico
Seattle,United States,MH-18025,Michelle Huthwaite,98115,West,Consumer,Washington
Franklin,United States,DR-12940,Daniel Raglin,2038,East,Home Office,Massachusetts
Encinitas,United States,DM-13015,Darrin Martin,92024,West,Consumer,California
Hoover,United States,CA-11965,Carol Adams,35244,South,Corporate,Alabama
Huntsville,United States,AC-10660,Anna Chung,77340,Central,Consumer,Texas
Roswell,United States,DM-13345,Denise Monton,30076,South,Corporate,Georgia
Columbus,United States,VF-21715,Vicky Freymann,47201,Central,Home Office,Indiana
Fayetteville,United States,CC-12370,Christopher Conant,28314,South,Consumer,North Carolina
Tucson,United States,BF-11275,Beth Fritzler,85705,West,Corporate,Arizona
Lake Charles,United States,HG-14845,Harry Greene,70601,South,Consumer,Louisiana
Columbus,United States,BP-11155,Becky Pak,31907,South,Consumer,Georgia
Glendale,United States,EM-14140,Eugene Moren,85301,West,Home Office,Arizona
Watertown,United States,MA-17995,Michelle Arnett,13601,East,Home Office,New York
Oceanside,United States,AY-10555,Andy Yotov,92054,West,Corporate,California
Philadelphia,United States,GB-14575,Giulietta Baptist,19134,East,Consumer,Pennsylvania
Columbus,United States,JB-16045,Julia Barnett,31907,South,Home Office,Georgia
New York City,United States,MG-17875,Michael Grace,10011,East,Home Office,New York
Louisville,United States,SR-20425,Sharelle Roach,80027,West,Home Office,Colorado
Brownsville,United States,JB-16000,Joy Bell-,78521,Central,Consumer,Texas
Lincoln Park,United States,DM-12955,Dario Medina,48146,Central,Corporate,Michigan
Columbus,United States,TC-21475,Tony Chapman,31907,South,Home Office,Georgia
Detroit,United States,SW-20350,Sean Wendt,48227,Central,Home Office,Michigan
Dallas,United States,RE-19450,Richard Eichhorn,75081,Central,Consumer,Texas
Albuquerque,United States,BF-11215,Benjamin Farhat,87105,West,Home Office,New Mexico
Apple Valley,United States,KB-16405,Katrina Bavinger,92307,West,Home Office,California
Providence,United States,JG-15310,Jason Gross,2908,East,Corporate,Rhode Island
New York City,United States,EC-14050,Erin Creighton,10024,East,Consumer,New York
Philadelphia,United States,EB-14110,Eugene Barchas,19134,East,Consumer,Pennsylvania
Oceanside,United States,JP-15460,Jennifer Patt,11572,East,Corporate,New York
Seattle,United States,CS-11845,Cari Sayre,98105,West,Corporate,Washington
Glendale,United States,GH-14410,Gary Hansen,85301,West,Home Office,Arizona
Houston,United States,PT-19090,Pete Takahito,77070,Central,Consumer,Texas
Houston,United States,JL-15130,Jack Lebron,77036,Central,Consumer,Texas
Philadelphia,United States,AH-10030,Aaron Hawkins,19134,East,Corporate,Pennsylvania
New York City,United States,CC-12475,Cindy Chapman,10024,East,Consumer,New York
Houston,United States,DW-13195,David Wiener,77095,Central,Corporate,Texas
Grand Prairie,United States,SJ-20215,Sarah Jordon,75051,Central,Consumer,Texas
Philadelphia,United States,BG-11740,Bruce Geld,19120,East,Consumer,Pennsylvania
Highland Park,United States,LB-16795,Laurel Beltran,60035,Central,Home Office,Illinois
Pasadena,United States,CM-11815,Candace McMahon,77506,Central,Corporate,Texas
Decatur,United States,EH-14185,Evan Henry,35601,South,Consumer,Alabama
Columbia,United States,TS-21505,Tony Sayre,38401,South,Consumer,Tennessee
Oakland,United States,PR-18880,Patrick Ryan,94601,West,Consumer,California
Mission Viejo,United States,LC-17050,Liz Carlisle,92691,West,Consumer,California
Conroe,United States,CS-12490,Cindy Schnelling,77301,Central,Corporate,Texas
Richmond,United States,DH-13075,Dave Hallsten,40475,South,Corporate,Kentucky
Philadelphia,United States,JO-15145,Jack O'Briant,19140,East,Corporate,Pennsylvania
New York City,United States,AH-10690,Anna Häberlin,10024,East,Corporate,New York
Jacksonville,United States,HJ-14875,Heather Jas,32216,South,Home Office,Florida
Jacksonville,United States,MH-17455,Mark Hamilton,28540,South,Consumer,North Carolina
Austin,United States,RD-19930,Russell D'Ascenzo,78745,Central,Consumer,Texas
Plano,United States,SC-20020,Sam Craven,75023,Central,Consumer,Texas
Jackson,United States,SU-20665,Stephanie Ulpright,39212,South,Home Office,Mississippi
Mesquite,United States,FC-14335,Fred Chung,75150,Central,Corporate,Texas
Philadelphia,United States,RB-19330,Randy Bradley,19143,East,Consumer,Pennsylvania
Dallas,United States,NC-18535,Nick Crebassa,75217,Central,Corporate,Texas
Los Angeles,United States,DB-12970,Darren Budd,90004,West,Corporate,California
Toledo,United States,MF-17665,Maureen Fritzler,43615,East,Corporate,Ohio
New York City,United States,RM-19750,Roland Murray,10011,East,Consumer,New York
Newark,United States,VM-21835,Vivian Mathis,19711,East,Consumer,Delaware
San Diego,United States,EJ-13720,Ed Jacobs,92037,West,Consumer,California
Jacksonville,United States,NC-18415,Nathan Cano,28540,South,Consumer,North Carolina
Dover,United States,LS-17230,Lycoris Saunders,19901,East,Consumer,Delaware
Bristol,United States,KE-16420,Katrina Edelman,37620,South,Corporate,Tennessee
Quincy,United States,DH-13675,Duane Huffman,2169,East,Home Office,Massachusetts
Gilbert,United States,PF-19120,Peter Fuller,85234,West,Consumer,Arizona
Philadelphia,United States,VT-21700,Valerie Takahito,19143,East,Home Office,Pennsylvania
Buffalo,United States,MG-17695,Maureen Gnade,14215,East,Consumer,New York
Los Angeles,United States,SP-20920,Susan Pistek,90036,West,Consumer,California
Columbia,United States,CS-12175,Charles Sheldon,38401,South,Corporate,Tennessee
Kenosha,United States,DK-12895,Dana Kaydos,53142,Central,Consumer,Wisconsin
Roswell,United States,KM-16660,Khloe Miller,30076,South,Consumer,Georgia
Chester,United States,AA-10645,Anna Andreadi,19013,East,Consumer,Pennsylvania
Houston,United States,DD-13570,Dorothy Dickinson,77041,Central,Consumer,Texas
New York City,United States,AH-10465,Amy Hunt,10035,East,Consumer,New York
Aurora,United States,TP-21565,Tracy Poddar,80013,West,Corporate,Colorado
Santa Ana,United States,EK-13795,Eileen Kiefer,92704,West,Home Office,California
New York City,United States,CR-12820,Cyra Reiten,10035,East,Home Office,New York
Mcallen,United States,SG-20890,Susan Gilcrest,78501,Central,Corporate,Texas
Chicago,United States,AH-10585,Angele Hood,60623,Central,Consumer,Illinois
Rockford,United States,NF-18475,Neil Französisch,61107,Central,Home Office,Illinois
New York City,United States,BS-11365,Bill Shonely,10011,East,Corporate,New York
Jackson,United States,SH-20635,Stefanie Holloman,38301,South,Corporate,Tennessee
Daytona Beach,United States,RD-19720,Roger Demir,32114,South,Consumer,Florida
Stockton,United States,AG-10330,Alex Grayson,95207,West,Consumer,California
San Francisco,United States,GR-14560,Georgia Rosenberg,94110,West,Corporate,California
Los Angeles,United States,VS-21820,Vivek Sundaresam,90036,West,Consumer,California
Oklahoma City,United States,TM-21490,Tony Molinari,73120,Central,Consumer,Oklahoma
Los Angeles,United States,TS-21430,Tom Stivers,90045,West,Corporate,California
New York City,United States,DB-13360,Dennis Bolton,10009,East,Home Office,New York
Aurora,United States,NR-18550,Nick Radford,60505,Central,Consumer,Illinois
Jacksonville,United States,CS-11860,Cari Schnelling,28540,South,Consumer,North Carolina
Los Angeles,United States,MF-18250,Monica Federle,90036,West,Corporate,California
Norwich,United States,LW-17125,Liz Willingham,6360,East,Consumer,Connecticut
Lawrence,United States,AR-10345,Alex Russell,1841,East,Corporate,Massachusetts
Lehi,United States,KS-16300,Karen Seio,84043,West,Corporate,Utah
Seattle,United States,AB-10015,Aaron Bergman,98103,West,Consumer,Washington
Philadelphia,United States,LR-17035,Lisa Ryan,19134,East,Corporate,Pennsylvania
Los Angeles,United States,SS-20410,Shahid Shariari,90008,West,Consumer,California
Monroe,United States,JM-15580,Jill Matthias,28110,South,Consumer,North Carolina
Dallas,United States,JK-15325,Jason Klamczynski,75220,Central,Corporate,Texas
Houston,United States,DM-13525,Don Miller,77070,Central,Corporate,Texas
Seattle,United States,ML-18265,Muhammed Lee,98103,West,Consumer,Washington
Los Angeles,United States,MH-17290,Marc Harrigan,90036,West,Home Office,California
Lakewood,United States,FC-14245,Frank Carlisle,44107,East,Home Office,Ohio
Philadelphia,United States,TH-21115,Thea Hudgings,19140,East,Corporate,Pennsylvania
Omaha,United States,JK-16090,Juliana Krohn,68104,Central,Consumer,Nebraska
Concord,United States,SB-20185,Sarah Brown,3301,East,Consumer,New Hampshire
Monroe,United States,BG-11035,Barry Gonzalez,71203,South,Consumer,Louisiana
Raleigh,United States,BW-11065,Barry Weirich,27604,South,Consumer,North Carolina
Jacksonville,United States,MG-18205,Mitch Gastineau,32216,South,Corporate,Florida
Los Angeles,United States,DO-13645,Doug O'Connell,90036,West,Consumer,California
Cranston,United States,BP-11050,Barry Pond,2920,East,Corporate,Rhode Island
Milwaukee,United States,TS-21655,Trudy Schmidt,53209,Central,Consumer,Wisconsin
Virginia Beach,United States,EM-14200,Evan Minnotte,23464,South,Home Office,Virginia
Los Angeles,United States,AO-10810,Anthony O'Donnell,90045,West,Corporate,California
New York City,United States,MH-17440,Mark Haberlin,10035,East,Corporate,New York
Louisville,United States,SS-20515,Shirley Schmidt,40214,South,Home Office,Kentucky
Chicago,United States,LD-16855,Lela Donovan,60653,Central,Corporate,Illinois
San Francisco,United States,VP-21760,Victoria Pisteka,94109,West,Corporate,California
Lakewood,United States,TC-21145,Theresa Coyne,8701,East,Corporate,New Jersey
Roseville,United States,IM-15055,Ionia McGrath,95661,West,Consumer,California
Columbus,United States,AR-10570,Anemone Ratner,31907,South,Consumer,Georgia
Huntsville,United States,CM-12715,Craig Molinari,77340,Central,Corporate,Texas
Huntsville,United States,FW-14395,Fred Wasserman,35810,South,Corporate,Alabama
Arlington,United States,LC-16960,Lindsay Castell,22204,South,Home Office,Virginia
Chicago,United States,HE-14800,Harold Engle,60623,Central,Corporate,Illinois
Fresno,United States,BD-11560,Brendan Dodson,93727,West,Home Office,California
Philadelphia,United States,HD-14785,Harold Dahlen,19143,East,Home Office,Pennsylvania
Philadelphia,United States,CJ-11875,Carl Jackson,19140,East,Corporate,Pennsylvania
Burlington,United States,RS-19870,Roy Skaria,52601,Central,Home Office,Iowa
Arlington Heights,United States,SC-20845,Sung Chung,60004,Central,Consumer,Illinois
Kent,United States,RE-19405,Ricardo Emerson,44240,East,Consumer,Ohio
Newark,United States,SM-20905,Susan MacKendrick,43055,East,Consumer,Ohio
